{"episode_rewards": [583.5944664031482, 231.9428571428476, 109.25945945946458, 235.37046979864718, 634.2262295081815, 496.1636363636189, 865.4488549618177, 44.394444444448766, 209.56430976430718, 227.1381294963945, 900.8999999999821, 826.2214046822538, 781.5891373801808, 44.78141263940898, 265.1136531365209], "mean": 430.3805643454148, "std": 300.626349450128}