{"episode_rewards": [852.0058823529262, 450.981102362189, 619.453179190741, 550.1267973856172, 206.19730639730497, 848.253608247403, 863.6157894736665, 909.1999999999805, 181.7672131147593, 836.254849498308, 308.7347079037643, 114.67603305785627, 645.1183520599225, 844.4494464944515, 839.7999999999871], "mean": 604.7089511692585, "std": 275.73660916928975}