{"episode_rewards": [804.4052631578783, 357.31633986927, 288.68888888887534, 730.9688311688168, 624.1589743589648, 749.7999999999887, 18.318518518520357, 198.1606557377101, 294.0307692307552, 741.22394822005, 526.977700348421, 515.1846153846051, 805.5239057238903, 633.8425531914766, 509.9694915254113], "mean": 519.9046970216423, "std": 233.65865650827817}