{"episode_rewards": [588.0, 476.0, 1002.0, 499.0, 502.0, 735.0, 558.0, 582.0, 667.0, 542.0, 536.0, 1002.0, 495.0, 639.0, 665.0], "mean": 632.5333333333333, "std": 161.59408680050421}