{"episode_rewards": [295.67039274923707, 187.72287822878698, -81.10922509225162, 216.07647058824054, 122.27101449275722, -47.09999999999918, 123.67622377622854, 228.0733746130078, 280.1816901408389, 116.84915254237748, 119.39629629630008, 364.46692913385033, 67.63665689149866, -80.08461538461586, 327.05231788079055], "mean": 149.38530379046986, "std": 137.32432655017845}