{"episode_rewards": [533.1046332046159, 595.1054794520442, 355.92605863191824, 777.8661016949021, 763.0178707224169, 579.3871794871704, 679.2594306049689, 797.6272727272564, 738.3879725085754, 741.1162162162003, 594.7051948051812, 182.2529411764752, 741.2284132841197, 589.2203883495026, 528.0249999999879], "mean": 613.0820101910224, "std": 164.18005040614443}