{"episode_rewards": [431.9512820512749, -62.87142857142893, 39.81818181818329, 392.75714285713264, -12.917421602786817, -14.03698630136877, -21.92410423452846, 166.56666666667167, -58.295053003533944, 16.569175627240824, 519.7347107437946, 439.11568627450157, 202.0582733813001, -28.91355932203469, 275.89130434782], "mean": 152.36692471548255, "std": 201.8467020045214}